{
    "Auto Exposure": true,
    "Color Intrinsic": {
        "Cx": 643.5430297851563,
        "Cy": 369.27587890625,
        "Distortion": {
            "K1": 0.07818566262722015,
            "K2": -0.1086965948343277,
            "K3": 0.04528265818953514,
            "K4": 0.0,
            "K5": 0.0,
            "K6": 0.0,
            "P1": 0.0003140080370940268,
            "P2": 0.0005431768367998302
        },
        "Fx": 747.9519653320313,
        "Fy": 747.8781127929688,
        "Height": 720.0,
        "Width": 1280.0
    },
    "Cut Range": {
        "Max": 4700,
        "Min": 400
    },
    "Depth Intrinsic": {
        "Cx": 164.68658447265625,
        "Cy": 163.50711059570313,
        "Distortion": {
            "K1": 25.713207244873047,
            "K2": 13.4076566696167,
            "K3": 0.5000231266021729,
            "K4": 25.98769760131836,
            "K5": 22.140159606933594,
            "K6": 3.124180316925049,
            "P1": 6.509068771265447e-05,
            "P2": 3.8200192648218945e-05
        },
        "Fx": 251.93704223632813,
        "Fy": 251.88880920410156,
        "Height": 288.0,
        "Width": 320.0
    },
    "Depth to Color Extrinsic": [
        0.9943850040435791,
        0.00046151684364303946,
        0.006350775249302387,
        -32.549766540527344,
        -0.001129785436205566,
        0.9944049119949341,
        0.10562928766012192,
        -1.1475752592086792,
        -0.006266492884606123,
        -0.10563432425260544,
        0.994385302066803,
        2.1289515495300293,
        0.0,
        0.0,
        0.0,
        1.0
    ],
    "Exposure": 220,
    "Sensor to World Extrinsic": [
        0.09775800257921219,
        -0.6729230284690857,
        0.7332019805908203,
        -3.60014009475708,
        0.014316000044345856,
        -0.7356989979743958,
        -0.6771259903907776,
        2.1114699840545654,
        0.99509197473526,
        0.07669500261545181,
        -0.06228199973702431,
        0.6098150014877319,
        0.0,
        0.0,
        0.0,
        1.0
    ],
    "White Balance": 3000
}