{
    "Auto Exposure": true,
    "Color Intrinsic": {
        "Cx": 632.2421264648438,
        "Cy": 361.9757080078125,
        "Distortion": {
            "K1": 0.07744307816028595,
            "K2": -0.10745799541473389,
            "K3": 0.04463545233011246,
            "K4": 0.0,
            "K5": 0.0,
            "K6": 0.0,
            "P1": 0.00010465369996381924,
            "P2": 0.000575101759750396
        },
        "Fx": 751.4943237304688,
        "Fy": 750.6806640625,
        "Height": 720.0,
        "Width": 1280.0
    },
    "Cut Range": {
        "Max": 4500,
        "Min": 400
    },
    "Depth Intrinsic": {
        "Cx": 169.56756591796875,
        "Cy": 171.56402587890625,
        "Distortion": {
            "K1": 19.99273681640625,
            "K2": 10.172677040100098,
            "K3": 0.37300536036491394,
            "K4": 20.305240631103516,
            "K5": 16.968048095703125,
            "K6": 2.3500852584838867,
            "P1": 6.89014996169135e-05,
            "P2": -2.6624897145666182e-05
        },
        "Fx": 252.4283447265625,
        "Fy": 252.45962524414063,
        "Height": 288.0,
        "Width": 320.0
    },
    "Depth to Color Extrinsic": [
        0.9939937591552734,
        0.0005246023647487164,
        0.001938305445946753,
        -32.585350036621094,
        -0.0007335401023738086,
        0.9939955472946167,
        0.1094183549284935,
        -1.2583526372909546,
        -0.0018692658049985766,
        -0.1094195544719696,
        0.993993878364563,
        1.7323601245880127,
        0.0,
        0.0,
        0.0,
        1.0
    ],
    "Exposure": 220,
    "Sensor to World Extrinsic": [
        -0.9986749887466431,
        -0.033966001123189926,
        0.038279999047517776,
        -4.019790172576904,
        -0.006285000126808882,
        -0.6610040068626404,
        -0.7503290176391602,
        2.591710090637207,
        0.05079200118780136,
        -0.7495869994163513,
        0.6599289774894714,
        -2.3420801162719727,
        0.0,
        0.0,
        0.0,
        1.0
    ],
    "White Balance": 3000
}