{
    "Auto Exposure": true,
    "Color Intrinsic": {
        "Cx": 626.9876098632813,
        "Cy": 359.8935852050781,
        "Distortion": {
            "K1": 0.07290316373109818,
            "K2": -0.1007319763302803,
            "K3": 0.0404130183160305,
            "K4": 0.0,
            "K5": 0.0,
            "K6": 0.0,
            "P1": -0.00033178055309690535,
            "P2": -0.00014790170826017857
        },
        "Fx": 747.9448852539063,
        "Fy": 747.4844360351563,
        "Height": 720.0,
        "Width": 1280.0
    },
    "Cut Range": {
        "Max": 4500,
        "Min": 400
    },
    "Depth Intrinsic": {
        "Cx": 165.00759887695313,
        "Cy": 164.91920471191406,
        "Distortion": {
            "K1": 21.970535278320313,
            "K2": 10.711195945739746,
            "K3": 0.3728737533092499,
            "K4": 22.26898193359375,
            "K5": 18.13463592529297,
            "K6": 2.414707899093628,
            "P1": 5.601763041340746e-05,
            "P2": -2.182195385103114e-05
        },
        "Fx": 252.6280059814453,
        "Fy": 252.6748809814453,
        "Height": 288.0,
        "Width": 320.0
    },
    "Depth to Color Extrinsic": [
        0.9942094087600708,
        -0.0015057404525578022,
        0.004488697741180658,
        -32.595577239990234,
        0.0010150792077183723,
        0.9942182302474976,
        0.10737344622612,
        -1.1736263036727905,
        -0.004624421242624521,
        -0.10736767947673798,
        0.9942086338996887,
        2.5328209400177,
        0.0,
        0.0,
        0.0,
        1.0
    ],
    "Exposure": 220,
    "Sensor to World Extrinsic": [
        -0.02626900002360344,
        -0.8918020129203796,
        0.4516240060329437,
        0.5000249743461609,
        0.00836700014770031,
        -0.45195499062538147,
        -0.8919789791107178,
        2.3457601070404053,
        0.9996050000190735,
        -0.019649000838398933,
        0.01934099942445755,
        -0.43739399313926697,
        0.0,
        0.0,
        0.0,
        1.0
    ],
    "White Balance": 3000
}