{
    "Auto Exposure": true,
    "Color Intrinsic": {
        "Cx": 640.8292846679688,
        "Cy": 369.5306091308594,
        "Distortion": {
            "K1": 0.07509302347898483,
            "K2": -0.10550086200237274,
            "K3": 0.04398108646273613,
            "K4": 0.0,
            "K5": 0.0,
            "K6": 0.0,
            "P1": 7.005286170169711e-05,
            "P2": -0.00011781709326896816
        },
        "Fx": 749.3324584960938,
        "Fy": 749.201171875,
        "Height": 720.0,
        "Width": 1280.0
    },
    "Cut Range": {
        "Max": 4500,
        "Min": 400
    },
    "Depth Intrinsic": {
        "Cx": 163.01995849609375,
        "Cy": 170.5899658203125,
        "Distortion": {
            "K1": 18.751548767089844,
            "K2": 9.692346572875977,
            "K3": 0.3729269206523895,
            "K4": 19.054000854492188,
            "K5": 16.031925201416016,
            "K6": 2.2759830951690674,
            "P1": 8.982243889477104e-05,
            "P2": 2.427918661851436e-05
        },
        "Fx": 252.3202667236328,
        "Fy": 252.28797912597656,
        "Height": 288.0,
        "Width": 320.0
    },
    "Depth to Color Extrinsic": [
        0.9944175481796265,
        -0.0056428462266922,
        0.0020189336501061916,
        -32.46285629272461,
        0.005398341920226812,
        0.9944034218788147,
        0.10551167279481888,
        -1.1840263605117798,
        -0.0026030205190181732,
        -0.10549887269735336,
        0.9944159984588623,
        2.7819416522979736,
        0.0,
        0.0,
        0.0,
        1.0
    ],
    "Exposure": 220,
    "Sensor to World Extrinsic": [
        0.9997979998588562,
        0.00812000036239624,
        -0.017520999535918236,
        0.12785300612449646,
        -0.010970000177621841,
        -0.507843017578125,
        -0.8613579869270325,
        2.3168399333953857,
        -0.01589200086891651,
        0.8613889813423157,
        -0.5076599717140198,
        -0.9515320062637329,
        0.0,
        0.0,
        0.0,
        1.0
    ],
    "White Balance": 3000
}