{
    "Auto Exposure": true,
    "Color Intrinsic": {
        "Cx": 634.0596923828125,
        "Cy": 357.9432067871094,
        "Distortion": {
            "K1": 0.07499457895755768,
            "K2": -0.1059783324599266,
            "K3": 0.04412726312875748,
            "K4": 0.0,
            "K5": 0.0,
            "K6": 0.0,
            "P1": 0.00030687020625919104,
            "P2": 0.00038792614941485226
        },
        "Fx": 749.3076171875,
        "Fy": 749.2185668945313,
        "Height": 720.0,
        "Width": 1280.0
    },
    "Cut Range": {
        "Max": 4500,
        "Min": 400
    },
    "Depth Intrinsic": {
        "Cx": 167.6451416015625,
        "Cy": 168.12933349609375,
        "Distortion": {
            "K1": 1.3082472085952759,
            "K2": 0.37146440148353577,
            "K3": 0.010076260194182396,
            "K4": 1.6490261554718018,
            "K5": 0.7429018616676331,
            "K6": 0.07288293540477753,
            "P1": 7.177596853580326e-05,
            "P2": 9.705247975944076e-06
        },
        "Fx": 252.61878967285156,
        "Fy": 252.58285522460938,
        "Height": 288.0,
        "Width": 320.0
    },
    "Depth to Color Extrinsic": [
        0.9945020079612732,
        -0.003683078335598111,
        0.0037640612572431564,
        -32.80274200439453,
        0.0032689098734408617,
        0.9945021867752075,
        0.10466484725475311,
        -1.385198712348938,
        -0.004128855653107166,
        -0.1046510860323906,
        0.9945003986358643,
        2.4797751903533936,
        0.0,
        0.0,
        0.0,
        1.0
    ],
    "Exposure": 220,
    "Sensor to World Extrinsic": [
        0.14724799990653992,
        0.8202720284461975,
        -0.5526639819145203,
        -0.23272700607776642,
        -0.11951900273561478,
        -0.5399019718170166,
        -0.8331760168075562,
        2.2469398975372314,
        -0.9818369746208191,
        0.18873700499534607,
        0.018532000482082367,
        -0.7046110033988953,
        0.0,
        0.0,
        0.0,
        1.0
    ],
    "White Balance": 3000
}