{
    "Auto Exposure": true,
    "Color Intrinsic": {
        "Cx": 626.5066528320313,
        "Cy": 350.8578186035156,
        "Distortion": {
            "K1": 0.07377298176288605,
            "K2": -0.1040164977312088,
            "K3": 0.04343106970191002,
            "K4": 0.0,
            "K5": 0.0,
            "K6": 0.0,
            "P1": 5.287687235977501e-05,
            "P2": -2.5284614821430296e-05
        },
        "Fx": 748.6898803710938,
        "Fy": 748.7009887695313,
        "Height": 720.0,
        "Width": 1280.0
    },
    "Cut Range": {
        "Max": 4500,
        "Min": 400
    },
    "Depth Intrinsic": {
        "Cx": 163.89349365234375,
        "Cy": 163.71212768554688,
        "Distortion": {
            "K1": 17.301185607910156,
            "K2": 8.397167205810547,
            "K3": 0.2902333736419678,
            "K4": 17.616954803466797,
            "K5": 14.237783432006836,
            "K6": 1.8893115520477295,
            "P1": 8.085076842689887e-05,
            "P2": -9.316647265222855e-06
        },
        "Fx": 252.42306518554688,
        "Fy": 252.4263153076172,
        "Height": 288.0,
        "Width": 320.0
    },
    "Depth to Color Extrinsic": [
        0.9948877692222595,
        -0.008740072138607502,
        -0.00012173166032880545,
        -32.38710403442383,
        0.008707678876817226,
        0.9948490262031555,
        0.10099311172962189,
        -1.1219366788864136,
        -0.0007615823997184634,
        -0.10099031031131744,
        0.994887113571167,
        2.352219820022583,
        0.0,
        0.0,
        0.0,
        1.0
    ],
    "Exposure": 220,
    "Sensor to World Extrinsic": [
        -0.9906560182571411,
        0.0712210014462471,
        0.11616399884223938,
        -0.038109999150037766,
        -0.13187800347805023,
        -0.286529004573822,
        -0.9489330053329468,
        2.3684000968933105,
        -0.0343019999563694,
        -0.9553999900817871,
        0.29325199127197266,
        -0.21883900463581085,
        0.0,
        0.0,
        0.0,
        1.0
    ],
    "White Balance": 3000
}