{
    "Auto Exposure": true,
    "Color Intrinsic": {
        "Cx": 630.984375,
        "Cy": 359.89892578125,
        "Distortion": {
            "K1": 0.07637438178062439,
            "K2": -0.10605154931545258,
            "K3": 0.043566249310970306,
            "K4": 0.0,
            "K5": 0.0,
            "K6": 0.0,
            "P1": -9.587572276359424e-05,
            "P2": 0.0004706761974375695
        },
        "Fx": 746.7509155273438,
        "Fy": 746.708740234375,
        "Height": 720.0,
        "Width": 1280.0
    },
    "Cut Range": {
        "Max": 4500,
        "Min": 400
    },
    "Depth Intrinsic": {
        "Cx": 159.13082885742188,
        "Cy": 166.3336181640625,
        "Distortion": {
            "K1": 10.9619779586792,
            "K2": 5.7999653816223145,
            "K3": 0.22693701088428497,
            "K4": 11.280122756958008,
            "K5": 9.501326560974121,
            "K6": 1.3823198080062866,
            "P1": 4.883326982962899e-05,
            "P2": -1.5522334706474794e-06
        },
        "Fx": 252.48301696777344,
        "Fy": 252.46343994140625,
        "Height": 288.0,
        "Width": 320.0
    },
    "Depth to Color Extrinsic": [
        0.9944506287574768,
        0.0012550967512652278,
        0.0007964443066157401,
        -32.56825256347656,
        -0.0013319188728928566,
        0.9944501519203186,
        0.10520070046186447,
        -0.9626250863075256,
        -0.0006599870976060629,
        -0.10520163923501968,
        0.9944506883621216,
        2.4980924129486084,
        0.0,
        0.0,
        0.0,
        1.0
    ],
    "Exposure": 220,
    "Sensor to World Extrinsic": [
        0.9669049978256226,
        -0.1870349943637848,
        0.17344200611114502,
        -3.762929916381836,
        -0.056634001433849335,
        -0.8203700184822083,
        -0.5689849853515625,
        2.299959897994995,
        0.2487110048532486,
        0.5403429865837097,
        -0.8038280010223389,
        0.28861498832702637,
        0.0,
        0.0,
        0.0,
        1.0
    ],
    "White Balance": 3000
}